paper_id,title,summary,authors,categories,primary_category,published,updated,abs_url,pdf_url,comment,authors_joined,categories_joined,summary_chars,text_for_embedding,age_days
10.1007/978-3-031-72371-1_11,Brain Organoids and the Law,Academic research publication titled 'Brain Organoids and the Law'.,['Adithi Iyer'],['Computer Science'],Computer Science,2024-11-20,2024-11-20,https://doi.org/10.1007/978-3-031-72371-1_11,,book-chapter,Adithi Iyer,Computer Science,67,"Title: Brain Organoids and the Law
Authors: Adithi Iyer
Categories: Computer Science
Published: 2024-11-20
Summary: Academic research publication titled 'Brain Organoids and the Law'.",624
10.1007/978-3-031-32152-8_30,Elites,Academic research publication titled 'Elites'.,['Alejandro Pelfini'],['Computer Science'],Computer Science,2024-11-20,2024-11-20,https://doi.org/10.1007/978-3-031-32152-8_30,,book-chapter,Alejandro Pelfini,Computer Science,46,"Title: Elites
Authors: Alejandro Pelfini
Categories: Computer Science
Published: 2024-11-20
Summary: Academic research publication titled 'Elites'.",624
10.1007/978-3-031-23161-2_300726,Loot Crates,Academic research publication titled 'Loot Crates'.,['Unknown Author'],['Computer Science'],Computer Science,2024-01-05,2024-01-05,https://doi.org/10.1007/978-3-031-23161-2_300726,,book-chapter,Unknown Author,Computer Science,51,"Title: Loot Crates
Authors: Unknown Author
Categories: Computer Science
Published: 2024-01-05
Summary: Academic research publication titled 'Loot Crates'.",944
10.1007/978-3-031-28170-9_6,The Fiscal Treatment of Family Size: A Further Look,Academic research publication titled 'The Fiscal Treatment of Family Size: A Further Look'.,['Alessandro Balestrino'],['Computer Science'],Computer Science,2023-04-27,2023-04-27,https://doi.org/10.1007/978-3-031-28170-9_6,,book-chapter,Alessandro Balestrino,Computer Science,91,"Title: The Fiscal Treatment of Family Size: A Further Look
Authors: Alessandro Balestrino
Categories: Computer Science
Published: 2023-04-27
Summary: Academic research publication titled 'The Fiscal Treatment of Family Size: A Further Look'.",1197
10.1007/978-3-476-05869-0_72,Interkulturelles Zusammenleben,Academic research publication titled 'Interkulturelles Zusammenleben'.,['Valentin Beck'],['Computer Science'],Computer Science,2023-04-27,2023-04-27,https://doi.org/10.1007/978-3-476-05869-0_72,,book-chapter,Valentin Beck,Computer Science,70,"Title: Interkulturelles Zusammenleben
Authors: Valentin Beck
Categories: Computer Science
Published: 2023-04-27
Summary: Academic research publication titled 'Interkulturelles Zusammenleben'.",1197
10.34157/978-3-648-16750-2_3,Gesetzliche Regelungen für Auszeiten,Academic research publication titled 'Gesetzliche Regelungen für Auszeiten'.,['Britta Redmann'],['Computer Science'],Computer Science,2023-01-01,2023-01-01,https://doi.org/10.34157/978-3-648-16750-2_3,,book-chapter,Britta Redmann,Computer Science,76,"Title: Gesetzliche Regelungen für Auszeiten
Authors: Britta Redmann
Categories: Computer Science
Published: 2023-01-01
Summary: Academic research publication titled 'Gesetzliche Regelungen für Auszeiten'.",1313
10.1007/978-981-16-8679-5_306,Teaching Comparative Education in Cuba and the United States,Academic research publication titled 'Teaching Comparative Education in Cuba and the United States'.,"['Mark Ginsburg', 'Rosa Maria Massón Cruz', 'Emigdio Rodríguez Alfonso', 'Yuitana García Isaac']",['Computer Science'],Computer Science,2022-08-27,2022-08-27,https://doi.org/10.1007/978-981-16-8679-5_306,,book-chapter,"Mark Ginsburg, Rosa Maria Massón Cruz, Emigdio Rodríguez Alfonso, Yuitana García Isaac",Computer Science,100,"Title: Teaching Comparative Education in Cuba and the United States
Authors: Mark Ginsburg, Rosa Maria Massón Cruz, Emigdio Rodríguez Alfonso, Yuitana García Isaac
Categories: Computer Science
Published: 2022-08-27
Summary: Academic research publication titled 'Teaching Comparative Education in Cuba and the United States'.",1440
10.1007/978-1-4842-7310-4_15,Extensions,Academic research publication titled 'Extensions'.,"['Bauke Scholtz', 'Arjan Tijms']",['Computer Science'],Computer Science,2022-03-16,2022-03-16,https://doi.org/10.1007/978-1-4842-7310-4_15,,book-chapter,"Bauke Scholtz, Arjan Tijms",Computer Science,50,"Title: Extensions
Authors: Bauke Scholtz, Arjan Tijms
Categories: Computer Science
Published: 2022-03-16
Summary: Academic research publication titled 'Extensions'.",1604
10.1016/b978-0-08-102696-0.00020-8,"Sensor data analysis, reduction, and fusion for assessing and monitoring civil infrastructures","Academic research publication titled 'Sensor data analysis, reduction, and fusion for assessing and monitoring civil infrastructures'.",['D. Zonta'],['Computer Science'],Computer Science,2022-01-01,2022-01-01,https://doi.org/10.1016/b978-0-08-102696-0.00020-8,,book-chapter,D. Zonta,Computer Science,134,"Title: Sensor data analysis, reduction, and fusion for assessing and monitoring civil infrastructures
Authors: D. Zonta
Categories: Computer Science
Published: 2022-01-01
Summary: Academic research publication titled 'Sensor data analysis, reduction, and fusion for assessing and monitoring civil infrastructures'.",1678
10.1007/978-3-030-58292-0_20395,"Bingham, Hiram (1875–1956)","Academic research publication titled 'Bingham, Hiram (1875–1956)'.",['Unknown Author'],['Computer Science'],Computer Science,2021-05-01,2021-05-01,https://doi.org/10.1007/978-3-030-58292-0_20395,,book-chapter,Unknown Author,Computer Science,66,"Title: Bingham, Hiram (1875–1956)
Authors: Unknown Author
Categories: Computer Science
Published: 2021-05-01
Summary: Academic research publication titled 'Bingham, Hiram (1875–1956)'.",1923
10.1007/978-3-319-52090-2_300304,PG Bag (Personal Gear Bag),Academic research publication titled 'PG Bag (Personal Gear Bag)'.,['Unknown Author'],['Computer Science'],Computer Science,2020-07-29,2020-07-29,https://doi.org/10.1007/978-3-319-52090-2_300304,,book-chapter,Unknown Author,Computer Science,66,"Title: PG Bag (Personal Gear Bag)
Authors: Unknown Author
Categories: Computer Science
Published: 2020-07-29
Summary: Academic research publication titled 'PG Bag (Personal Gear Bag)'.",2199
10.1007/978-981-15-1636-8_42,Mutagenic Effect of Chemicals on Certain Biochemical Parameters in Two Cultivars of Sunflower (Helianthus annuus L.),Academic research publication titled 'Mutagenic Effect of Chemicals on Certain Biochemical Parameters in Two Cultivars of Sunflower (Helianthus annuus L.)'.,"['T. Padmavathi', 'M. Uma Devi', 'B. Prathibha Devi']",['Computer Science'],Computer Science,2020-04-04,2020-04-04,https://doi.org/10.1007/978-981-15-1636-8_42,,book-chapter,"T. Padmavathi, M. Uma Devi, B. Prathibha Devi",Computer Science,156,"Title: Mutagenic Effect of Chemicals on Certain Biochemical Parameters in Two Cultivars of Sunflower (Helianthus annuus L.)
Authors: T. Padmavathi, M. Uma Devi, B. Prathibha Devi
Categories: Computer Science
Published: 2020-04-04
Summary: Academic research publication titled 'Mutagenic Effect of Chemicals on Certain Biochemical Parameters in Two Cultivars of Sunflower (Helianthus annuus L.)'.",2315
10.1007/978-3-030-05784-8_6,Gorbachev’s “New Thinking”: A Proto-Liberal Program for the Soviet Union,Academic research publication titled 'Gorbachev’s “New Thinking”: A Proto-Liberal Program for the Soviet Union'.,['Svetlana Savranskaya'],['Computer Science'],Computer Science,2019-01-01,2019-01-01,https://doi.org/10.1007/978-3-030-05784-8_6,,book-chapter,Svetlana Savranskaya,Computer Science,112,"Title: Gorbachev’s “New Thinking”: A Proto-Liberal Program for the Soviet Union
Authors: Svetlana Savranskaya
Categories: Computer Science
Published: 2019-01-01
Summary: Academic research publication titled 'Gorbachev’s “New Thinking”: A Proto-Liberal Program for the Soviet Union'.",2774
10.1007/978-3-658-17671-6_18-1,Soziale Innovation,Academic research publication titled 'Soziale Innovation'.,"['Jürgen Howaldt', 'Michael Schwarz']",['Computer Science'],Computer Science,2018-11-03,2018-11-03,https://doi.org/10.1007/978-3-658-17671-6_18-1,,book-chapter,"Jürgen Howaldt, Michael Schwarz",Computer Science,58,"Title: Soziale Innovation
Authors: Jürgen Howaldt, Michael Schwarz
Categories: Computer Science
Published: 2018-11-03
Summary: Academic research publication titled 'Soziale Innovation'.",2833
10.1007/978-81-322-2752-6_56,An Improved Content Based Medical Image Retrieval System Using Integrated Steerable Texture Components and User Interactive Feedback Method,Academic research publication titled 'An Improved Content Based Medical Image Retrieval System Using Integrated Steerable Texture Components and User Interactive Feedback Method'.,"['B. Jyothi', 'Y. Madhavee Latha', 'P. G. Krishna Mohan']",['Computer Science'],Computer Science,2016-02-03,2016-02-03,https://doi.org/10.1007/978-81-322-2752-6_56,,book-chapter,"B. Jyothi, Y. Madhavee Latha, P. G. Krishna Mohan",Computer Science,179,"Title: An Improved Content Based Medical Image Retrieval System Using Integrated Steerable Texture Components and User Interactive Feedback Method
Authors: B. Jyothi, Y. Madhavee Latha, P. G. Krishna Mohan
Categories: Computer Science
Published: 2016-02-03
Summary: Academic research publication titled 'An Improved Content Based Medical Image Retrieval System Using Integrated Steerable Texture Components and User Interactive Feedback Method'.",3837
10.1007/978-3-319-19932-0_5,Horizontal Transfers and the New Model of TE-Driven Genome Evolution in Eukaryotes,Academic research publication titled 'Horizontal Transfers and the New Model of TE-Driven Genome Evolution in Eukaryotes'.,"['Moaine El Baidouri', 'Olivier Panaud']",['Computer Science'],Computer Science,2015-07-11,2015-07-11,https://doi.org/10.1007/978-3-319-19932-0_5,,book-chapter,"Moaine El Baidouri, Olivier Panaud",Computer Science,122,"Title: Horizontal Transfers and the New Model of TE-Driven Genome Evolution in Eukaryotes
Authors: Moaine El Baidouri, Olivier Panaud
Categories: Computer Science
Published: 2015-07-11
Summary: Academic research publication titled 'Horizontal Transfers and the New Model of TE-Driven Genome Evolution in Eukaryotes'.",4044
10.1007/978-3-642-33832-8_41,Disturbing Noise Identification and Sound Quality Research on Car Generator,Academic research publication titled 'Disturbing Noise Identification and Sound Quality Research on Car Generator'.,"['Yanfang Hou', 'Guohua Han', 'Yaozhen Zhao', 'Xueying Xu']",['Computer Science'],Computer Science,2012-11-07,2012-11-07,https://doi.org/10.1007/978-3-642-33832-8_41,,book-chapter,"Yanfang Hou, Guohua Han, Yaozhen Zhao, Xueying Xu",Computer Science,115,"Title: Disturbing Noise Identification and Sound Quality Research on Car Generator
Authors: Yanfang Hou, Guohua Han, Yaozhen Zhao, Xueying Xu
Categories: Computer Science
Published: 2012-11-07
Summary: Academic research publication titled 'Disturbing Noise Identification and Sound Quality Research on Car Generator'.",5020
10.1007/978-3-7091-0962-5_19,Immune System,Academic research publication titled 'Immune System'.,['Stefan Feske'],['Computer Science'],Computer Science,2011-12-10,2011-12-10,https://doi.org/10.1007/978-3-7091-0962-5_19,,book-chapter,Stefan Feske,Computer Science,53,"Title: Immune System
Authors: Stefan Feske
Categories: Computer Science
Published: 2011-12-10
Summary: Academic research publication titled 'Immune System'.",5353
10.1057/9780230244870_1,Introduction: Medicine for the Sick Soul,Academic research publication titled 'Introduction: Medicine for the Sick Soul'.,['Sari Kivistö'],['Computer Science'],Computer Science,2009-01-01,2009-01-01,https://doi.org/10.1057/9780230244870_1,,book-chapter,Sari Kivistö,Computer Science,80,"Title: Introduction: Medicine for the Sick Soul
Authors: Sari Kivistö
Categories: Computer Science
Published: 2009-01-01
Summary: Academic research publication titled 'Introduction: Medicine for the Sick Soul'.",6426
10.1007/978-0-387-30160-0_1141,Becke test,Academic research publication titled 'Becke test'.,['Unknown Author'],['Computer Science'],Computer Science,2007-01-01,2007-01-01,https://doi.org/10.1007/978-0-387-30160-0_1141,,book-chapter,Unknown Author,Computer Science,50,"Title: Becke test
Authors: Unknown Author
Categories: Computer Science
Published: 2007-01-01
Summary: Academic research publication titled 'Becke test'.",7157
